LINK,Title,Location,Salary,Summary
https://kr.indeed.com/viewjob?jk=bc7d65215c8334f7,(신입/경력) 컴퓨터 비전 & 머신 러닝 엔지니어,플레이스에이 성남 분당구,,플레이스에이(place_a) 컴퓨터 비전 & 머신러닝 엔지니어 모집 플레이스에이 플레이스에이(place_a)는 네이버 스노우와 인공지능 소프트웨어 기업 알체라가 공동 투자해 설립된 인공지능(AI) 기술 기반 서비스 플랫폼…
https://kr.indeed.com/viewjob?jk=b6b000f15a77f402,"협동로봇, 메카트로닉스, 공정엔지니어 외 신입 정규직",씨엔로봇 대전 중구,,"씨엔로봇(주) 협동로봇, 메카트로닉스, 공정엔지니어 외 신입 정규직 채용 모집부문 및 자격요건 담당업무 자격요건 인원 [담당업무] ㅇ 협동로봇 실습장비와 자동화 실습장비를 연동하여 사용 할 수 있도록 개발 - PLC,…"
https://kr.indeed.com/viewjob?jk=78f5465432356e17,Sr Systems Administrator I,Raytheon Intelligence & Space 대한민국,,Businesses Raytheon Intelligence & Space Clearance type Secret - Current Relocation eligible Yes Ability to Telecommute No…
https://kr.indeed.com/viewjob?jk=96688eea9c1a9e28,Security Engineer (취약점 분석),Toss 서울 강남구,,주요 업무 - 모의해킹 및 취약점 점검 (웹/모바일 앱/바이너리 분석) - 웹/모바일 앱 서비스 보안성 진단 및 검토 - 소스코드 진단 및 시큐어 코딩 가이드 # 자격 요건 - 모의해킹 및 취약점 점검 경력이 있는 분 -…
https://kr.indeed.com/viewjob?jk=b5b88516a299bbb2,(주)신세계아이앤씨 경력사원 상시,신세계아이앤씨 서울 중구,,"○ 모집부문 : 정규직 (계약직 별도 표기) 1. 시스템개발/운영(Web) [정규직, 3년 이상] 직무 시스템개발/운영 (Web) 인원 0명 공통사항 -. 시스템 개발/운영 有 경험자 -. 시스템 분석/설계/프로그래밍 등…"
https://kr.indeed.com/viewjob?jk=955a438bde0d3006,패시브솔루션본부 퀀트운용팀 경력직(기간연장),엔에이치아문디자산운용 대한민국,,NH-Amundi자산운용㈜는 다음과 같이 직원을 채용하고자 합니다. (NH-Amundi자산운용(주)는 국내 최대 네트워크의 농협금융지주와 유럽 최대 자산운용사 아문디(Amundi)의 합작 자산운용사입니다.) 1.…
https://kr.indeed.com/viewjob?jk=7af6301dc691d3ab,Data Scientist,Toss 서울 강남구,,주요 업무 - 토스증권 서비스가 생성하는 다양한 데이터 분석과 이를 기반으로 새로운 서비스의 개발 및 아이디어 도출 - 데이터를 바탕으로 한 고객의 개인화분석과 이를 통한 토스증권 서비스 확장 - 다양한 Data…
https://kr.indeed.com/viewjob?jk=b0363f98a9e40b13,"Python 경력 개발자 (또는 Golang, 경력5년이상)",피넛테크 서울 강남구,"연봉 40,000,000원 - 65,000,000원",[직무내용] [담당업무] ; 대용량 데이터 수집/분석 처리 [자격요건] 1. 학력 : 무관 2. 경력 : 경력 5년 이상 [필수역량] 1. Python 개발자 (or Golang 개발자 가능) 2. 분산처리로 대용량…
https://kr.indeed.com/viewjob?jk=27ea6faf6a8516fd,퀀트 개발자 (Quant Developer),ATZ Inc. 서울,"연봉 30,000,000원 - 40,000,000원",We are looking for a highly motivated junior level quantitative developer. We are rapidly growing Proprietary trading firm…
https://kr.indeed.com/viewjob?jk=2054288dc83a5a88,[진행중]우리은행 AI사업부 전문직(인공지능(AI) 모델링) 채용공고,우리은행 4.5 서울 회현동,,소개 우리은행 AI사업부에서 역량있는 「인공지능(AI) 모델링」전문인력을 모집합니다. 채용내용 모집부문 :인공지능(AI) 모델링 모집인원 : 0명 근무장소 : 우리은행 AI사업부(서울특별시 중구 소공로48…
https://kr.indeed.com/viewjob?jk=00c30d286ee5c97f,[충청권/50명]인공지능(AI) 기본과정+고급과정 훈련생 대,청주대학교산학협력단 청주 상당구,,ICT이노베이션스퀘어 확산 사업 AI(인공지능) 교육생 모집 기본과정 + 고급과정 회사소개 교육대상 : 충청권 도·시민 중 만 18세 이상 AI(인공지능)에 관심 있는 성인 누구나 모집기간 모집기간 교육과정 신청하기 21…
https://kr.indeed.com/viewjob?jk=89d4053c832fee5a,Infra Biz본부 기술지원 계약직,SK텔레콤 4.0 대한민국,,"당사 Infra Biz본부에서 아래 업무를 담당할 계약직을 채용합니다. 근무예정부서 : Infra Biz본부 충원인원 : 1명 근무기간 : 1년 (시용기간 3개월 이후 본채용, 최대 2년까지 근무 가능)…"
https://kr.indeed.com/viewjob?jk=eeb9fe1c361f0758,정보보안 담당자,Nexon 성남 분당구,,"주요업무 - 보안관제 이벤트 분석 및 대응 - 악성코드 분석 및 대응, 침해사고 지원 - 보안 솔루션 운영 지원자격 - 1~5년차 경력자 - 단일 보안 이벤트 분석 또는 상관관계 이벤트 분석 능력 보유 - OS…"
https://kr.indeed.com/viewjob?jk=752a4b5d63eac97c,Back-end Engineer (Python),Soomgo 서울 강남구,,숨고의 백엔드 엔지니어(Python)는 숨고의 기반 기술을 담당하는 매우 중요한 포지션입니다. 숨고를 더 빠르게 성장시키는데 힘을 보태고 있습니다. • 숨고 서비스 백엔드 시스템 개발 • 대용량 트래픽 처리를 위한…
https://kr.indeed.com/viewjob?jk=4f319862856fe9c1,"Software Engineer, Machine Learning",Google 4.3 서울,,"Due to the current health crisis related to COVID-19 and the escalating visa/travel restrictions in place, we're currently…"
https://kr.indeed.com/viewjob?jk=69ab0f58743cb713,21년 전문연구요원 (AI엔지니어),Nexon 성남 분당구,,"주요업무 - 최신의 머신 러닝 및 딥 러닝 기법과 AI 기술(Transformer 등)을 연구하고 활용하여 넥슨의 라이브서비스 경험을 개선하고 고도화하는 역할 - 강화학습 및 딥 러닝 기반의 최신 선행 사례(알파고,…"
https://kr.indeed.com/viewjob?jk=733ff9b0e1cc9aaf,(주)엘솔루 R&D본부 ASR팀 개발직,㈜엘솔루 서울,,모집부문 담당업무 자격요건 및 우대사항 인원 R&D본부 ASR팀 (음성인식팀) 개발직 선임(대리급) ㆍDNN 기술에 기반한 음성인식제품 학습 및 연동 개발 ㆍ음성인식사업 수행 개발 ㆍ최신 음성인식기술 습득 및 고가용성…
https://kr.indeed.com/viewjob?jk=c8c02d6751fce8a8,Python 경력 정규직,브라이트컨설팅 서울 강남구,,브라이트컨설팅 Python 경력 정규직 채용 모집부문 및 자격요건 담당업무 자격요건 인원 [자격요건] 경력사항: 경력(7년 이상 12년 이하) 학력사항: 학력무관 0 명 근무조건 고용형태: 정규직(수습기간3개월) 급여조건…
https://kr.indeed.com/viewjob?jk=b836cc551f8d1692,[EY컨설팅] 컨설팅본부 Data & Analytics팀 인턴 모집,EY 4.0 대한민국,,". EY는 전 세계 153개 국가에 걸쳐 284,000명의 회계감사, 세무, 재무자문, 컨설팅 서비스 전문가들이 활동하고 있는 회계 컨설팅 분야의 글로벌 리더입니다. EY 한영은 EY 글로벌 조직의 한국 회원법인 중…"
https://kr.indeed.com/viewjob?jk=92a3c458d76803d2,[진행중]우리은행 마이데이터ACT 전문직 (데이터 사이언티스트(데이터 분...,우리은행 4.5 서울 회현동,,소개 우리은행 MyDataACT에서 역량있는 「데이터 사이언티스트(데이터 분석가)」전문인력을 모집합니다. 채용내용 모집부문 : 데이터 사이언티스트(데이터 분석가) 모집인원 : 0명 근무장소 : 우리은행…
https://kr.indeed.com/viewjob?jk=a6357089799f9975,Deep Learning R&D Engineer,Intel 4.1 서울,,Job Description Intel Eadge.AI team in Korea is looking for a Deep Learning R&D Engineer. This position requires…
https://kr.indeed.com/viewjob?jk=9a818d9d91db847d,Data Analytics SA,Amazon Web Services Korea LLC 서울,,"· Background in any of the following: Data Warehousing, Big Data, Hadoop ecosystems, Business Intelligence, Streaming…"
https://kr.indeed.com/viewjob?jk=71c47ac87bb4087e,기술 인턴 인공지능 응용 연구/개발 인턴,써로마인드로보틱스 서울 관악구,,"• 서울대학교 컴퓨터공학부 바이오지능연구실(http://bi.snu.ac.kr)의 스핀오프 스타트업 • 시각지능과 언어지능의 통합 지능 기술을 연구개발하며, 인공지능 응용 시스템의 구축을 가속하는 통합 솔루션을 개발…"
https://kr.indeed.com/viewjob?jk=b4443754bb4507bb,21년 BigData/연구소 경력사원,롯데정보통신 서울 금천구,,"응시자격 해외 여행 및 건강상 결격 사유가 없는 분 남성의 경우, 군필 혹은 면제자 외 국가유공자 국가보훈대상자 및 장애인은 관련 법규에 의거 우대함 4년제 학사 학위 보유 필수 모집부문 세부 모집요강 참조 BigData…"
https://kr.indeed.com/viewjob?jk=2b09f13b5790dd69,2021년 한화시스템 방산부문 프로젝트/기간제 엔지니어 채용(상시),한화그룹 4.2 서울,,"레이다-체계A 계약기간 : 입사 시 ~ 2026.12.31(변동가능) [직무 내용] 레이다 체계 종합 [자격 요건] 전공 : 전자/제어/컴퓨터공학 학사 이상 경력 - 전기, 전자 및 컴퓨터 전공자 - 매트랩 사용…"
https://kr.indeed.com/viewjob?jk=dfe4f3638b0d10d2,블록체인 센터 백엔드 개발자 (경력),네오위즈 대한민국,,"네오플라이 소개 네오플라이는 네오위즈 그룹의 블록체인 기술개발사 입니다. 네오플라이는 한국에서 스타트업 엑셀러레이터로 알려져 있지만, 지난 2017년부터 블록체인 센터를 중심으로 블록체인 기술을 연구&개발하는 동시에…"
https://kr.indeed.com/viewjob?jk=536fd2d0958417eb,[기업부설연구소] SW 개발 정규직,다스코포레이션 경상북도 구미,"연봉 22,000,000원 - 30,000,000원","[직무내용] 주업무 1. 소프트웨어 개발 (java, python, C++, Android, C#, IOS, PHP, ASP 등) - 연구개발 과제 프로그램 개발 - 지역과제 프로그램 개발 [근무시간 및 형태] 주 5일…"
https://kr.indeed.com/viewjob?jk=112e58d399a83a19,BIM Manager,SYSTRA 서울,,"Country/Region: KR Field: Project Location: Seoul, KR Type of Contract: Permanent Level of experience: 05-10 years JOB…"
https://kr.indeed.com/viewjob?jk=8becbf73bbda7c96,2019 Military Service Exemption Position...,울산과학기술원 울산 언양읍,,2019 Military Service Exemption Position Available at the IBS CMCM (Synthetic Organic/Polymer Chemistry OR Theoretical…
https://kr.indeed.com/viewjob?jk=e8a4630bec0783e8,2021 Market Data Analyst - Seoul,Bloomberg 서울,,"Apply Now Bloomberg runs on data, and data drives the market. Our Global Data team acquires and supplies this data to our…"
https://kr.indeed.com/viewjob?jk=3d5f8e364a71247e,Software Engineer (Back-end),Streami 서울,"연봉 35,000,000원 - 80,000,000원",Software engineers develop the next-generation technologies that support our customers. Stremi is and always will be an…
https://kr.indeed.com/viewjob?jk=7cb5c3076d1701db,"Field Applications Engineer, Audio",Dolby 서울,,"Overview: Join the leader in entertainment innovation and help us design the future. At Dolby, science meets art, and high…"
https://kr.indeed.com/viewjob?jk=44a4245679066940,Data Science 컨설턴트 - 글로벌 컨설팅펌,에스에프인촌 서울 서초구,,"Position AI, Data Analytics 등 신기술부문 경력직 모집 담당업무 AI, Data Analytics 등 신기술 관련 Specialist로서 기업들의 다양한 Business 이슈에 대해 정형/비정형…"
https://kr.indeed.com/viewjob?jk=7b04030358d701b1,[서울시뉴딜] 디지털사이니지 · 실감콘텐츠 분야 전문인력 양성 교육 /...,스마트미디어산업진흥협회 서울,,비대면/언택트 산업 활성화 전문인력 취업연계 과정 교육 모집 교육목표 비대면 서비스의 핵심인프라인 디지털사이닞(D.S)와 실감콘텐츠 및 콘텐츠 관리를 위한 전문인력의 역량강화를 위한 직무교육을 실시하고 교육 수료 후 관련…
https://kr.indeed.com/viewjob?jk=57ad151ff89a3275,Engineering Manager - EdgeX - IoT,Canonical - Jobs 서울,,"Summary This is an exciting opportunity for a engineering leader who is passionate about open source software, Linux, and…"
https://kr.indeed.com/viewjob?jk=7af54571a6a84047,Assistant Professor of Computational and...,George Mason University Korea 인천 송도동,,"George Mason University, Korea, invites applications for a full-time position in Computational and Data Sciences at the…"
https://kr.indeed.com/viewjob?jk=92ec1289aa20da51,Internship for Green Growth Performance...,Global Green Growth Institute 서울,,"Internship duration: 6 months (9:00 – 18:00 working days), starting from April 1, 2021 Field of expertise: Health and…"
https://kr.indeed.com/viewjob?jk=25725b3c0e607311,Junior Quant Trader,Byzantine Partners 서울,,"Seoul, South Korea / Full-time Byzantine Partners is a global venture capital and advisory company based in major global…"
https://kr.indeed.com/viewjob?jk=ee6d176505ffa343,전장 개발 엔지니어,가오콘 서울 강서구,"연봉 42,000,000원 - 44,000,000원",지원자격 경력 신입·경력 학력 - 성별 무관 기타 담당업무 안녕하세요. 현장에서 여러분과 함께 일하는 가오콘 대표입니다. 저희 회사는 임베디드 ODM 개발 전문회사입니다. 현재 LG 협력사로서 LG전자 전장개발 분야…
https://kr.indeed.com/viewjob?jk=a64e1e21f61265ce,각 분야별 인재 Pool 등록,지투알 서울,,"근무형태 : 정규직 필수사항 - 학사 이상(전공 무관) - 해외여행에 결격사항이 없는 자 - 데이터 분석 툴(Adobe Analytics 또는 Google Analytics) 유경험자 우대 - Python, R, SQL…"
https://kr.indeed.com/viewjob?jk=78e99625e5de3c95,전문연구요원 (병역특례) 수시 (AI / HW 분야),딥엑스 성남 분당구,"연봉 40,000,000원 - 100,000,000원",(주)딥엑스 전문연구요원 (병역특례) 수시모집 (AI / HW 분야) 회사소개 ㈜딥엑스는 국내 최초 엣지 응용을 위한 인공지능 기술 및 신경망 처리장치(NPU)를 개발하는 회사입니다. 저희 회사는 NPU의 경량화와 전력…
https://kr.indeed.com/viewjob?jk=444320d2e49672dc,"Application Engineer South Korea (Physics, EE)",Zurich Instruments 대한민국,,Zurich Instruments is looking to recruit an Application Engineer in South Korea Closing date: 30 Mar 2021 South Korea |…
https://kr.indeed.com/viewjob?jk=0feb2770202a5be1,(주)넷타겟 연구원 (웹프론트엔드 개발자),넷타겟 대전 유성구,,"(주)넷타겟 연구원 채용 (웹프론트엔드 개발자 - 프리랜서, 정규직) 넷타겟은 20년간의 시스템생물학 연구를 기반으로 질병을 치료하는 컴퓨터 알고리즘을 개발하는 기업이며 궁극적으로는 신약을 개발할 목표를 가지고 있습니다.…"
https://kr.indeed.com/viewjob?jk=ba7966a3fe799433,[지원하자규] (주)규의 유능한 프로그래머,규 대한민국,"월급 2,000,000원",인터넷·IT·통신·모바일·게임>웹프로그래머>웹개발|인터넷·IT·통신·모바일·게임>웹프로그래머>HDML|인터넷·IT·통신·모바일·게임>웹프로그래머>Python|인터넷·IT·통신·모바일·게임>웹프로그래머>JAVA|인터넷·IT…
https://kr.indeed.com/viewjob?jk=33e339e37a9a3699,"(대전) 국방 M&S 연구분석관(통계, 연구분석 등)",심네트 대전 유성구,,"(충남 계룡시) 연구분석관 모집 (석사 이상, 컴퓨터공학, 산업공학, 통계학, 인공지능 관련 전공) - 장기근속자가 많은 기업(IT평균 대비 낮은 이직률) - 동종업계 신용등급 상위 - 국방 M…"
https://kr.indeed.com/viewjob?jk=f71d35f5dff01c45,Consultant - Identity & Security,Microsoft 4.2 대한민국,,"Are you looking to join a team where you help customers use the latest technology, where you receive cutting edge training…"
https://kr.indeed.com/viewjob?jk=55a19c92c845685e,Developer / Designer recruit,마이뮤직테이스트 서울 논현동,,"MyMusicTaste puts the power in the fans' hands, allowing fans to request their favorite artist's concert in their city and…"
https://kr.indeed.com/viewjob?jk=0b03d57e900ac140,Security Engineer (모의해킹),Toss 서울 강남구,,주요 업무 - 모의해킹 및 취약점 점검 (웹/모바일 앱/바이너리 분석) - 이상행위 분석 및 대응 (어뷰징/침해사고분석대응) # 자격 요건 - 모의해킹 및 취약점 점검 경력 5년 이상 보유한 분 - INTEL/ARM…
https://kr.indeed.com/viewjob?jk=aa4f54d9c677fd73,인프라보안,NHN 4.4 성남 판교역,,"NHN과 함께 세계로 도약할 패기와 역량을 갖춘 인재를 찾습니다! 열정을 가진 분들의 많은 지원 바랍니다. * 본 채용은 상시 채용으로 면접이 수시로 진행되며, 先지원자에게 기회가 먼저 부여되므로 빠른 지원 바랍니다. …"
https://kr.indeed.com/viewjob?jk=68486bb7da29a05b,Sr. Application Engineer - HAV,Mentor Graphics (Korea) LLC 4.0 경기도 성남,,"During the current global health crisis, the priority for Siemens Digital Industries Software is the health and well-being…"
https://kr.indeed.com/viewjob?jk=754be9e3d78fa802,2021년 상반기 R&D 개발자 (병역특례 가능/경력 무관),네오스텍 인천 연수구,,"담당업무: - 블루투스 메시 기반 위치 추적 솔루션 개발 - 상기 솔루션의 임베디드 펌웨어 개발 - C(필수), Python, Javascript 프로그래밍 언어 사용 - 기술 지원 [자격요건] 경력사항: 무관 (신입도 지원..."
https://kr.indeed.com/viewjob?jk=650893f0672cebc3,테크센터개발팀 - 웹 프로그래머,Nexon 성남 분당구,,"웹 어플리케이션 개발 경력 3년 이상 - 프로그래밍 언어 무관 (C#, Java, Javascript, Python, Go, PHP 등) - 프레임워크 무관 ( .NET MVC, Spring, node.js(Express..."
https://kr.indeed.com/viewjob?jk=12c2c75d4f3ac682,"인공지는 연구원(딥러닝, 컴퓨터 비젼)",디비엔텍 인천 서구,,[직무내용] 1.딥러닝 기반 객체인식 모듈 연구개발 (Tensorflow / Python) 2.영상 전/후 처리 모듈 연구개발 (OpenCV 등 활용) 3.객체추적(Object Tracking) 모듈 연구 개발 [근무시간 및...
https://kr.indeed.com/viewjob?jk=2b2dcd3ffe3d53df,카카오 데이터의 가치를 발굴할 데이터 분석가 모집,카카오 4.0 성남 판교역,,"기술 통계량 이해 및 해석) 데이터 분석 업무를 수행할 수 있는 언어 스킬 필수 SQL 필수 R 또는 Python을 다룰 수 있는 분 (SAS, SPSS, GA, tableau 등 통계 툴만 사용 가능한 경우 제외) 하둡..."
https://kr.indeed.com/viewjob?jk=7d4bc2a107c6669b,Customer Engineer,Microsoft 4.2 서울,,least 5 years welcome experience in model development using python or R. Experience in migrating from one database to another...
https://kr.indeed.com/viewjob?jk=c58d20943e9dce58,테크니컬 오디오 디자이너(Technical Audio Designer)...,엔씨소프트 2.7 성남 판교역,,"4 활용 능력 - Protools, Reaper 등의 DAW 활용 능력 - 스크립팅 언어 활용 능력 ( Python, Lua, R 등) - 커뮤니케이션 능력 우대사항 - Wwise 자격증 보유 (101, 201, 251..."
https://kr.indeed.com/viewjob?jk=3933762f9f06df56,Data Scientist(CSS 모델링),Toss 서울 강남구,,"3년 이상) - 머신러닝 등 최신 알고리즘을 활용하여 실제 비즈니스 문제 해결 경험이 있으신 분 - SQL, Python, R 등 통계/분석 프로그램을 다룰 수 있으신 분 # 우대 사항 - 금융권 데이터 분석 및 모델링 업무..."
https://kr.indeed.com/viewjob?jk=3588d63be15122e0,"기술연구소 정규직 연력(Java, Python, 기타)및 개발자 (신입,...",파인씨앤아이 서울 송파구,"연봉 30,000,000원 - 60,000,000원","웨어 개발 및 AI, 통계분석I) - 경력 : Java 개발경험 2년이상 -개발언어 : Java, C++, Python, Node 등 [근무시간 및 형태] 주 5일 근무 (오전) 9시 00분~(오후) 6시 00분 주소정근로시..."
https://kr.indeed.com/viewjob?jk=8ae150ee0df56848,Application Engineer South Korea (Physic...,Zurich Instruments 부산 +1 지역,,"Korean * experience in programming languages LabVIEW, MATLAB, Python or C is a plus * availability to travel, around 25..."
https://kr.indeed.com/viewjob?jk=06995d4800ce38f3,Field Application Engineer (FAE) – Korea...,LUCID Vision Labs 대한민국,,debugging technique (OpenCL... Python experience is a plus). In-depth knowledge... OpenCL... Python experience is a plus...
https://kr.indeed.com/viewjob?jk=649ccf047c868778,"금융 데이터 분석 엔진, 로보어드바이저 개발자",에스비씨엔 서울 영등포구,,"시스템, 머신러닝, 자연어처리. 패턴분석 - 다음 언어에서 최소 한 가지 이상 능숙자: Java, C++, Python, JavaScript 우대사항 - 석사이상 컴퓨터공학 (Computer Science) 분야 또는..."
https://kr.indeed.com/viewjob?jk=917cc06120add6e1,Data Scientist,Soomgo 서울 강남구,,년 이상 경력자 • Stakeholder와의 원활한 커뮤니케이션 능력 • SQL 능숙하게 활용 가능한 분 • Python을 활용한 수학적 통계 분석 및 모델링 가능한 분 • 다양한 머신러닝 알고리즘을 적재적소에 활용해본 경험...
https://kr.indeed.com/viewjob?jk=fc572d48c77479f4,협동로봇 실습장비 개발 및 교육 인력 1명/로봇공학 기술자 및 연구원,씨엔로봇 대전 중구,,"활용 교직원 연수 - 실습장비 활용 학생 연수 - 실습장비 납품 후 활용 교육 ㅇ 협동로봇 티칭 및 교육 - Python, ROS, C# 등 프로그래밍 및 교육 - PLC, HMI 프로그래밍 및 교육 [근무시간 및 형태] 주..."
https://kr.indeed.com/viewjob?jk=011e6ca8a669f12e,2021년 3월 신입/경력,나이스피앤아이 서울 여의도,,"상경계열, 통계학, 수학, 공학 전공 - 프로그래밍 및 통계 Package 활용 (VBA, C++, R, Python, Matlab 등) - 유관 전공 석사, 박사(과정) 2. 기업가치평가 부문(신입/경력) [담당업무..."
https://kr.indeed.com/viewjob?jk=7dbaa95d22eacd29,"웹개발, 백엔드 외 경력 정규직",아이티엔제이 울산 남구,"연봉 40,000,000원 - 50,000,000원","경력(4년 이상 ) 학력사항: 대학교(4년)졸업 이상 직무기술: 웹프로그래밍, 응용프로그램개발, JAVA, PYTHON 기타: ㆍ다양한 업무를 신속하게 이해하고 도식화 할 수 있는 분 ㆍ고객의 소리를 듣는 귀가 지혜 있는..."
https://kr.indeed.com/viewjob?jk=e1c3d69e4d47c07b,[진행중]우리은행 마이데이터ACT 전문직 (데이터 사이언티스트(데이터 기...,우리은행 4.5 서울 회현동,,"3년 이상 경험 보유자 - 전산/수학/통계 또는 관련 분야 석사 이상 학위 소지자 - 데이터 분석 언어( Python, R 등) 사용 업무 경험 보유자 급여수준 및 채용조건 급여수준 : 면접 후 협의 계약형태..."
https://kr.indeed.com/viewjob?jk=098da87a3b27792c,(주)브로드씨엔에스 2021년 정규직 경력직,브로드씨엔에스 서울 구로구,,"ㆍ자연어 처리 기술 및 관련 서비스 개발 ㆍ음성봇 및 챗봇 플랫폼 개발 지원자격 ㆍ리눅스 환경에서 Java, Python 상용 서비스 및 제품 개발 경험자 ㆍ인공지능, 딥러닝(머신러닝), 텍스트 마이닝에 경험이 있거나 관심이..."
https://kr.indeed.com/viewjob?jk=66d8a42fa933e7d0,2021년 상반기 정보보안 엔지니어 - 취약점파트,인섹시큐리티 서울 금천구,,10에 대한 설명과 구현/조치 가능 - 국내 컴플라이언스 대응 경험 (주요정보통신기반시설 가이드 등) - Python 활용자 - Kali 및 Metasploit 경험자 * 자격요건과 우대사항은 필수가 아닙니다. 0 명 근무조...
https://kr.indeed.com/viewjob?jk=54e0d08c99dcf507,MI(Market Intelligence)담당 마케팅 전략 경력사원,LG전자 3.8 서울 영등포구,,"마케팅 전략/방향성 도출 경험 보유 4) 우대 사항 - 통계 분석 및 프로그래밍 언어 역량 보유: R, python, Java, SPSS, Tableau, etc. - 영어 능통 역량: 해외법인과 영어 화상 회의 및 현지..."
https://kr.indeed.com/viewjob?jk=2cfd15907402c5cc,DGIST 제2차 계약직 연구원 채용공고,대구경북과학기술원 대구 현풍면,,천원 이내 수행 내용 Machine learning (Deep learning) 알고리즘 개발 Python/Tensorflow 프로그래밍 Matlab/simulink 모의실험 자율주행 자동차 혹은 전문 서비...
https://kr.indeed.com/viewjob?jk=96f919d43a5c77b6,2021년 혁신성장 청년인재 집중양성사업 교육생 (빅데이터/인공지능),한국생산성본부 4.0 서울 중구,,게임>웹프로그래머>백엔드|인터넷·IT·통신·모바일·게임>웹프로그래머> Python|인터넷·IT·통신·모바일·게임>응용프로그래머>C#|인터넷·IT·통신... 게임>빅데이터·AI(인공지능)> Python|인터넷·IT·통신·모바일·게임...
https://kr.indeed.com/viewjob?jk=df21e3bb5d773616,Python Programmer,Mofac 서울 서초구,,개발 – JAVA 프로그래밍(라이브러리 활용) – Spring 프레임 워크 개발 – Python API 프로그래밍 우대사항 – Python 개발 경험 – Open Source 라이브러리 개발경험 – Web 표준에 대한 경험...
https://kr.indeed.com/viewjob?jk=7439487de17e51ee,"21년 1분기 기술연구소(S/W, H/W, F/W, FPGA 개발) 채용...",큐알티 이천 부발읍,,"장비의 S/W, H/W, F/W, FPGA 개발 [역량... W 및 H/W 직군(C, C++, C#, python 등 프로그래밍 언어 필수), FPGA(VDHL, Verilog에 대한 이해 필수), H/W..."
https://kr.indeed.com/viewjob?jk=ba2e4263cb6ac18c,[보안솔루션] 딥러닝 아키텍쳐 부문,컴트루테크놀로지 서울 마포구,,"전공 해당 분야 관련 영어 문서를 읽고 응용할 수 있는 독해 능력 Python 언어 사용 가능자 PyTorch, Tensorflow 등 딥러닝 프레임... 게임>빅데이터·AI(인공지능)> Python|인터넷·IT·통신·모바일·게임..."
https://kr.indeed.com/viewjob?jk=02f450f1246c5489,[서울지사][던파모바일2D] 서버 빌드 담당자,네오플 서울 강남구,,"C/C++ 사용이 능숙하신 분 우대사항 - DevOps 관련 경험 - 하나 이상의 스크립트 언어 ( Python, PowerShell, Bash, Groovy… )에 능숙하신 분 - Windows/Linux 서버 운영체제에..."
https://kr.indeed.com/viewjob?jk=d136d5b4d86f5c61,2021 업무혁신(PI) 신입사원,LG디스플레이 3.4 경기도 파주,,"유자 우대조건 - BI(Business Intelligence) Tool 활용능력 보유자 - 통계/분석(R, Python) Tool 활용능력 보유자 담당업무 - 공정 제어 PI (공정 변동 관리 업무) 필수조건 - 산업공학..."
https://kr.indeed.com/viewjob?jk=c130ad24ffc25b72,기술연구소 (AI연구 및 Python개발 / 드론 영상처리),선영종합엔지니어링 고양 덕양구,,어링 기술연구소 (AI연구 및 Python개발 / 드론 영상처리) 채용 4... 프로그래밍 ㆍBig Data 활용 및 Smart plant ㆍR 및 Python 기반 프로그램 개발 ㆍ정부출연사업 제안서 작성 [근무부서 및 직급...
https://kr.indeed.com/viewjob?jk=b602108c31558329,리서치분야 석사이상 경력직,케이지제로인 대한민국,,"티팩터 리서치 2. 펀드, 금융 및 재무데이터 분석 3. 기업재무 관련 리서치 4. 기관 컨설팅 5. R, Python을 활용한 로직 개발 자격 요건 석사이상, 경력 3년이상, 경제학, 재무금융 전공자 우대사항 CFA..."
https://kr.indeed.com/viewjob?jk=aac8e9355cb855ac,[인재풀] 아티스트,Electronic Arts 서울,,Maya or 3D Max등의 아트웍 툴 사용 경험 Max script 또는 Mel Script의 사용 경험 C# 또는 Python 언어에 대한 이해 및 활용 능력 아트웍 관련 툴 제작 또는 플러그인 제작 경험
https://kr.indeed.com/viewjob?jk=3cf01580ba5eb23a,NLP Researcher,AITRICS 서울,,"Stacks [Back-end] Language: python, golang Python Framework: Django, Bottle [Front... Language: python, golang Python Framework..."
https://kr.indeed.com/viewjob?jk=d143cbffed5f5411,[Search] 클라우드 AI 플랫폼 BE 개발 신입/경력사원,네이버 서울,,신러닝 플랫폼 개발 [자격요건] · CS 관련 탄탄한 기본기를 바탕으로 습득이 빠르신 분 · Java / Python / Go 언어 중 1 개 이상의 언어로 개발이 가능한 분 · 리눅스 환경에서 개발이 가능하신 분 [우대...
https://kr.indeed.com/viewjob?jk=ad3dfd853ea7ef40,Credit Risk 모델러,Toss 서울 강남구,,"에 대한 폭넓은 이해와 분석적 능력을 보유하신 분 - SAS, SQL, KnowlegeSEEKER, Python, R 등 Tool사용 가능하신 분 - 원활한 커뮤니케이션 가능하신 분 # 우대 사항 - 바젤 및 IFRS9관련..."
https://kr.indeed.com/viewjob?jk=a4ade495ab488c6f,사물인터넷(IoT) 개발자 (하드웨어 및 소프트웨어),큐빅스 경기도 파주,,통신·모바일·게임>시스템프로그래머>임베디드(Embedded)|인터넷·IT·통신·모바일·게임>응용프로그래머> Python|인터넷·IT·통신·모바일·게임>응용프로그래머>JAVA|인터넷·IT·통신·모바일·게임>응용프로그래머>자바스크...
https://kr.indeed.com/viewjob?jk=e5621bcf506c9148,협동로봇 실습장비 개발 및 교육 인력 /로봇공학 기술자 및 연구원,씨엔로봇 대전 중구,"연봉 28,000,000원 - 30,000,000원","활용 교직원 연수 - 실습장비 활용 학생 연수 - 실습장비 납품 후 활용 교육 ㅇ 협동로봇 티칭 및 교육 - Python, ROS, C# 등 프로그래밍 및 교육 - PLC, HMI 프로그래밍 및 교육 상세모집요강 접수기간..."
https://kr.indeed.com/viewjob?jk=d1e75364ef505c68,"데이터 가치를 함께 발굴하실 머신러닝, 통계 모델링 전문가 모집",카카오 4.0 성남 판교역,,해당 기술에 자신감이 있으신 분도 환영합니다. 지원자격 머신 러닝/통계 등 모델링에 활용하는 언어( Python/Scala/R 등) 및 도구(Tensor flow/Pytorch 등)를 하나 이상 능숙하게 다룰 수 있으신...
https://kr.indeed.com/viewjob?jk=fe4c9348f8e01e44,AI / Machine Learnig 컨설턴트 - 글로벌 컨설팅Firm,에스에프인촌 서울,,본적으로 비즈니스 문제 해결이 가능한 컨설팅 자질을 갖추고 있어야 함 - Python 등 관련 코딩 경험자 우대 3) 영어 활용 능력 우수자 우대 4... 자질을 갖추고 있어야 함 - Python 등 관련 코딩 경험자 우대 3...
https://kr.indeed.com/viewjob?jk=b8c6ad4bd3f32e3d,AI 개발자,넷아이디 서울 강남구,"연봉 35,000,000원 - 40,000,000원",인터넷·IT·통신·모바일·게임>응용프로그래머>머신러닝(ML)|인터넷·IT·통신·모바일·게임>응용프로그래머> Python|인터넷·IT·통신·모바일·게임>ERP·시스템분석·설계>인공지능(AI)서비스기획|인터넷·IT·통신·모바일...
https://kr.indeed.com/viewjob?jk=d05f4a61fa7270c9,Sr Field Engineer I,Raytheon Intelligence & Space 경기도 오산,,"Redhat Linux System Administration, UNIX shell/PERL/ python scripting, Cisco network administration, Oracle or Weblogic..."
https://kr.indeed.com/viewjob?jk=fb6bafb5ae960c4e,Security Engineer (보안 엔지니어),Toss 서울 강남구,,"시스템 구축 및 운영 경험이 있는 분 - SIEM 운영, 로그 분석 및 대응 자동화 경험이 있는 분 - Python, Java 또는 C 계열 프로그래밍에 대한 높은 이해 또는 개발 경험이 있는 분 # 우대 사항 - CISSP..."
https://kr.indeed.com/viewjob?jk=0064deb5fa9cbce0,데이터 사이언티스트 모집,카카오 4.0 성남 판교역,,"양한 실험을 통해 알고리즘을 개선합니다. 지원자격 지원자격 하나 이상의 프로그래밍 언어에 익숙한 분( Python, Java, C/C++, Scala 등) 머신러닝/딥러닝 오픈소스를 이용하여 1년 이상 특정 서비스에 모델..."
https://kr.indeed.com/viewjob?jk=a25e09cf5d803404,Solutions Engineer (과장 ~ 부장급),Cloud Security & Application 서울 강남구,"연봉 80,000,000원 - 100,000,000원","orchestration solutions (OpenShipft, Kubernetes) Programming ( Python, JavaScript, Golang etc.) 근무 형태: 정규직 급여: 80,000,000원..."
https://kr.indeed.com/viewjob?jk=6a399a2c059ebbb1,Senior Solutions Engineer,Confluent 서울,,Computer Science or relevant experience Proficiency in Java or Python with experience developing ETL applications What gives...
https://kr.indeed.com/viewjob?jk=0923578a7e4eb9d2,배달로봇 dilly 로봇 소프트웨어 개발자(자율주행) (5년이상),우아한 형제들 서울 송파구,,"ROS2) 기반의 이동로봇 개발 경험이 있는 분 - 컴퓨터 비전, 머신러닝 경험이 있는 분 - C/C++, Python 활용이 가능한 분 - 영어문서작성 및 회화 능력을 갖춘 분 - 다양한 직군과의 원활한 협업 및 의사소통..."
https://kr.indeed.com/viewjob?jk=cd2ef993ee5c8d3f,지스트 블록체인인터넷경제연구센터 계약직(연구원),광주과학기술원 광주 북구,,록체인 개발 블록체인 하드포크 1) 4년제 대학 이상 졸업자 2) SW프로그래밍 제작 경험자 3) Python/C/Java/Go 프로그래밍 가능자 4) 팀장급은 개발 경험 10년 이상인 자 연구직 1명 우대사...
https://kr.indeed.com/viewjob?jk=e393fa440b668be7,Data Analyst,Toss 서울 강남구,,"소지하신 분 혹은 경험이 풍부하신 분 - Data Warehouse 구축 지식이나 경험이 있으신 분 - Python, R, Spark 등 언어 및 데이터 프로세싱 프레임워크에 대한 이해도가 높은 분 - 필요한 데이터를 스스로..."
https://kr.indeed.com/viewjob?jk=08fbc3e510fbe320,"산업용 비전 처리 S/W 개발, AI 가속기 처리 S/W 개발 경력사원",여의시스템 성남 중원구,,모바일·게임>응용프로그래머>Visual C++(MFC·ATL)|인터넷·IT·통신·모바일·게임>응용프로그래머> Python|인터넷·IT·통신·모바일·게임>응용프로그래머>인공지능(AI)|인터넷·IT·통신·모바일·게임>빅데이터·AI...
https://kr.indeed.com/viewjob?jk=251ec7deb78d7813,2021년 상반기 Python 경력,매크로액트 성남 수정구,,커리어에 이력서를 등록하지 않으셨다면!! 상세 이력서 등록하기 지원양식 커리어 온라인 이력서 직무/산업 직무별(직종) 웹프로그래머 Python 응용프로그래머응용프로그래머 산업별(업종) 솔루션.ASP.소프트웨어 소프트웨어개발
https://kr.indeed.com/viewjob?jk=108feaf74de2bfc4,[Manta] Growth Data Analytics Manager,RIDI Corp 서울,,"An expert in a data-oriented programming language (e.g., SQL, Python, R, Scala, etc... BI tools (e.g., Tableau, Power BI..."
https://kr.indeed.com/viewjob?jk=8a15326f80e07c08,Customer Operations Engineering Manager,Success Korea 대한민국,,experience in C++ or Java and Python - Network monitoring and application... C++ or Java and Python - Network...
https://kr.indeed.com/viewjob?jk=28b676c81d7ef247,OPC Applications Engineer,Synopsys 경기도 성남,,"skills, including Windows, Linux, scripting (e.g. TCL, Python, Perl) and programming skills. Experience with MATLAB or TCL..."
https://kr.indeed.com/viewjob?jk=e8a4630bec0783e8,2021 Market Data Analyst - Seoul,Bloomberg 서울,,"work experience using one more programming language... Python, SQL and R Fluency in Korean and English (both spoken..."
https://kr.indeed.com/viewjob?jk=4bd70fb8a220d90d,[Janssen] Data Scientist,Johnson & Johnson Family of Companies 4.2 서울,,"Expertise in one or more programming languages... R, Python or SAS. 7. Knowledge of relational database architecture..."
https://kr.indeed.com/viewjob?jk=444320d2e49672dc,"Application Engineer South Korea (Physics, EE)",Zurich Instruments 대한민국,,"Experience in programming languages LabVIEW, MATLAB, Python or C is a plus. Availability to travel, around 25%. Moreover, we..."
https://kr.indeed.com/viewjob?jk=818d5c4e3d4e8c76,디지털자산(암호화폐) 퀀트 트레이더 (경력),네오위즈 대한민국,,"경험이 있는 분 - 또는 운용사 및 증권회사에서 근무한 경력이 있는 분 우대사항 - 프로그래밍 능력( Python, R 등)을 보유하고, 개발해 본 경험이 있는 분 - 컴퓨터공학, 금융공학, 수학, 통계학을 전공한 분..."
https://kr.indeed.com/viewjob?jk=6aebabcddef7f514,Field Application Engineer,Nearfield Instruments 대한민국,,"troubleshooting. Preferably to have coding capability (Matlab, Python...etc... data analysis, visualization, and algorithm..."
https://kr.indeed.com/viewjob?jk=89f3e10d77a126bf,Field Service Engineer,Nearfield Instruments 대한민국,,"troubleshooting. Preferably to have coding capability (Matlab, Python...etc... data analysis, visualization, and algorithm..."
https://kr.indeed.com/viewjob?jk=c54efba262d86ecc,[EY컨설팅] 컨설팅본부 Data & Analytics팀 경력 컨설턴트...,Ernst & Young 4.0 대한민국,,"분석 컨설팅 - 데이터 전처리, 머신러닝, 딥러닝 및 통계적 분석 프로그램 개발 * 필수 자격 - SQL, Python, R을 활용한 데이터 전처리 및 분석 모델링 경험자 - 통계 분석, ML, DL의 지식 보유..."
https://kr.indeed.com/viewjob?jk=7af54571a6a84047,Assistant Professor of Computational and...,George Mason University Korea 인천 송도동,,"have experience in teaching with R, Python, Matlab, Fortran, and MySQL... teaching with R, Python, Matlab, Fortran..."
https://kr.indeed.com/viewjob?jk=55584c627df1acaa,데이터 분석가/사이언티스트(신입/인턴 가능),쏘카 대한민국,,"Sheet) 등 데이터 분석 도구를 원활히 다루시거나, 앞으로 원활히 다루고자 하는 의지가 높으신 분 • Python, R 등의 프로그래밍 언어 혹은 데이터 분석 언어를 1개 이상 능숙하게 사용 가능하신 분 전형절차 서류..."
https://kr.indeed.com/viewjob?jk=e1ebfac18d00b273,[SK바이오사이언스] 21년 1분기 수시,에스케이바이오사이언스 성남 분당구,,"Office (excel, PPT 등) 활용 능력 - 우 대 1) SAP SD 모듈 활용 가능자 2) Python, R 등 다양한 data분석 tool 활용 가능자 마케팅PM - 직 무 1) 시장 분석 및 projection..."
https://kr.indeed.com/viewjob?jk=233bbfd9781e846d,"Engr, Tech Supp 3",KLA-Tencor 대한민국,,background Excel macro/code development for log analysis Python Database development for production Open to NCG (New College...
https://kr.indeed.com/viewjob?jk=389765da1bee869b,[대구]데이터 분석 연구원 (Python/R),드림아이디어소프트 대구 동구,,"3년) 성별 무관 기타 담당업무 [대구]데이터 분석 연구원 채용 ( Python/R) 커리어 양식 지원 상세모집요강 접수기간/방법 시작일 2021... 산업 직무별(직종) 웹프로그래머 Python 응용프로그래머전산전공, Java..."
https://kr.indeed.com/viewjob?jk=b95d00f1145e5ef3,(광주취업맛집1위)2021년도 국비 기술교육생,대한상공회의소 광주인력개발원 광주 광산구,,통신·모바일·게임>빅데이터·AI(인공지능)>데이터분석|인터넷·IT·통신·모바일·게임>빅데이터·AI(인공지능)> Python|인터넷·IT·통신·모바일·게임>빅데이터·AI(인공지능)>머신러닝|인터넷·IT·통신·모바일·게임>빅데이터...
https://kr.indeed.com/viewjob?jk=c52b13ca64b943c1,솔루션 엔지니어 (Network Infra),글로벌 네트워크 회사 서울 강남구,"연봉 80,000,000원 - 120,000,000원","OpenShipft, Kubernetes, Microsoft Service) * Programming ( Python, JavaScript, Golang etc.) 근무 형태: 정규직 급여: 80,000,000원 - 120..."
https://kr.indeed.com/viewjob?jk=afeaf9f2fdda7973,"Engr, Apps Dev 3",KLA-Tencor 대한민국,,"working effectively with different cultures. Matlab/ Python experience is a plus. We offer a competitive, family friendly..."
https://kr.indeed.com/viewjob?jk=18f62dc644a89e0c,2021 Global Data Internship - Seoul (Kor...,Bloomberg 서울,,"work experience using one or more programming language (e.g. Python, JavaScript, SQL, etc.) Prior coursework or involvement..."
https://kr.indeed.com/viewjob?jk=3aa6fd68cc885810,AI 비전 인식 시스템 및 아키텍쳐 설계 알고리즘 개발,국내 대기업 / 화물 운송업 / 조단위 이상 매출 기업 서울 중구,,"제어 SW 개발 또는 구축 프로젝트 경험자 • 요구조건 - 프로그래밍 언어 활용 능력(C / C++, Python) - 주요 머신러닝 및 비전 패키지 활용 능력 - 리눅스OS 기반 개발 - 임베디드 시스템 개발 - DB..."
https://kr.indeed.com/viewjob?jk=94e6b51a16f4a0f6,Perception Software Engineer - Autonomou...,NVIDIA 대한민국,,work experience. Strong programming skills in C++ and python. Hands-on experience in developing algorithms for state...
https://kr.indeed.com/viewjob?jk=9acc17c535b42959,2021년 (신입) 전문연구요원 모집,NHN 4.4 성남 판교역,,"구사 (C++, Java, Python 등) - Openstack 및... 모델링 기법을 활용한 서비스 개발 경험자 우대 - C/C++, Python 등 개발 숙련자 우대 공통지원자격(필수) - 해당 분야 석사 이상..."
https://kr.indeed.com/viewjob?jk=9040dba1c8db2a5d,퀀트운용팀 (사원-대리급),신한비엔피파리바자산운용 대한민국,,지식 보유자 - 투자자산운용사 자격증 소지자 우대 - CFA/CAIA/CPA 자격증 소지자 우대 - VBA/ Python 활용한 업무 가능자 우대 - 관련 전공 및 석박사 학위/금융 관련 자격증 보유자 우대 3. 전형방법...
https://kr.indeed.com/viewjob?jk=dfb20fa220f3c478,"빅데이터, 인공지능(AI) 외 신입/경력 인턴",스칼라웍스 대한민국,,인공지능)>인공지능(AI)|인터넷·IT·통신·모바일·게임>빅데이터·AI(인공지능)>데이터분석|인터넷·IT·통신·모바일·게임>빅데이터·AI(인공지능)> Python|인터넷·IT·통신·모바일·게임>빅데이터·AI(인공지능)>딥러닝
https://kr.indeed.com/viewjob?jk=7747cb66f47189c1,와이에스지(스타트업)에서 웹 개발자,와이에스지 대한민국,"월급 2,000,000원 - 2,200,000원","무관 기타 담당업무 세종 청사 근처에 위치한 정부지원사업 선정 스타트업입니다. 서버 back : AWS, Python , Django , sqlite 웹 프론트 : html ,css javascript, jquery 중 몇가..."
https://kr.indeed.com/viewjob?jk=790d6275c9dd7be8,Data Scientist 모집,한독약품 서울,,"관련 경력 3년 이상 Healthcare data 분석 경험자 데이터 분석 Tool (SQL, Python, R중 하나 이상) 활용자 Tableau, Power BI 활용 경험자 MS Office (특히..."
https://kr.indeed.com/viewjob?jk=39e99c8ed1d40a8f,2021 토스 전 계열사 대규모,비바리퍼블리카 서울 강남구,,게임>빅데이터·AI(인공지능)> Python|인터넷·IT·통신·모바일·게임... 용프로그래머>Linux|인터넷·IT·통신·모바일·게임>응용프로그래머> Python|인터넷·IT·통신·모바일·게임>응용프로그래머>iOS|인터넷·IT·통신...
https://kr.indeed.com/viewjob?jk=ee2cad5a4861601b,[이마트24] [Data Scientist] 경력사원 모집(Senior),신세계 4.5 대한민국,,"Data 분석 관련업무 최소 5년 이상(과장/대리급) - 통계/분석 관련업무 수행역량 보유자 - R, Python, SQL 등 통계/분석 프로그램 활용역량 및 Machine Learning/Deep Learning..."
https://kr.indeed.com/viewjob?jk=4adac8923476d038,프랭클린템플턴투신운용 Junior Trader (Quant base 필수...,프랭클린템플턴투신 대한민국,,"object-oriented programming and intermediate programming proficiency in Python, R or MATLAB, and SQL are essential. Licenses..."
https://kr.indeed.com/viewjob?jk=3330430ae94277db,[타다]데이터 분석가/사이언티스트,쏘카 대한민국,,"통계에 대한 지식 및 머신러닝에 대한 지식을 보유하고 있으며, 데이터 분석 실무 경험이 풍부하신 분 • R, Python(Pandas, Numpy, Scikit-learn) 등의 데이터 분석을 위한 언어를 1개 이상 능숙하게..."
https://kr.indeed.com/viewjob?jk=750bd649ca4aec64,Operation Buyer(Contractor),Edwards Korea Ltd 충청남도 천안,,"programming languages or statistical software – ex) C++, Python, VBA, R, MATLAB, Minitab, SPC Start a journey towards..."
https://kr.indeed.com/viewjob?jk=733ff9b0e1cc9aaf,(주)엘솔루 R&D본부 ASR팀 개발직,㈜엘솔루 서울,,"제공 [필수사항] ㆍ프로그래밍에 재능 및 열정이 있는 자 ㆍJava, Python 중 하나 이상의 언어사용자 ㆍWeb 개발능력 ㆍ리눅스 사용 경험자... 머신러닝(ML)|인터넷·IT·통신·모바일·게임>응용프로그래머> Python"
https://kr.indeed.com/viewjob?jk=e934bb33ef71dacb,[EY한영] 금융감사본부 Data Analytics 전문 경력직 모집,Ernst & Young 4.0 대한민국,,총계정원장조정 경험자 - Python/R 등 프로그램 언어 활용 능력... PowerBI... Tableau Experience with Python/ R or other programming languages...
https://kr.indeed.com/viewjob?jk=089931931a0474d5,소형전지사업부/기술혁신센터,삼성SDI 3.9 충청남도 천안,,"천안 전공분야 - 컴퓨터/시스템 전자/전기 기계/산공 전문지식 - Java, C#, C++, Python - Oracle (PL/SQL) - Automod, VisualComponent - 통신프로그래밍 경험..."
https://kr.indeed.com/viewjob?jk=0b8541aed6590a79,"[국비지원 전액무료/120명]AI(인공지능),BC(블록체인) 교육생",고려대학교 세종캠퍼스 세종특별자치시 세종,,목표 교육내용 강의시간(h) 교육형태 파이썬 빅데이터 프로그래밍 . Python의 프로그래밍 기술 파악 - 과정개요 소개(2H) - 기초 파이썬 문법... 게임>빅데이터·AI(인공지능)> Python|인터넷·IT·통신·모바일·게임...
https://kr.indeed.com/viewjob?jk=78f5465432356e17,Sr Systems Administrator I,Raytheon Intelligence & Space 대한민국,,"Experience with Linux/Unix scripting, C++, Java, Perl, Python, Sybase... SQL. - Experience with Linux/Unix tools, YUM..."
https://kr.indeed.com/viewjob?jk=07f1ee457882c331,21년 IT직무 경력사원,롯데정보통신 서울 금천구,,"개발자 - OS, Android App 개발자 - Web 프로그램 개발자 (DHML5, JAVA, C#, Python 등) - 관련 업무 경험 4년 이상 보유자 가산동 본사 모바일 개발 (Web/App) - 헬스케어 플랫폼..."
https://kr.indeed.com/viewjob?jk=9c4f4236ac42f224,DBA 엔지니어,쏘카 대한민국,,"시계열 데이터베이스(InfluxDB) 구축 운영 경험이 있으신 분 • 자동화를 위한 스크립트 (Shell, Python, Ansible) 지식을 보유하신 분 • 새로운 기술 도입에 대한 오픈 마인드를 가지고 계신 분 전형절차..."
https://kr.indeed.com/viewjob?jk=f565607a390f8b13,[헥스콘] 2021년 상반기 백엔드 서버 개발자,헥스콘 창원 의창구,"연봉 32,000,000원 - 34,000,000원","기술스택] 1) 사용언어 : Java, Kotlin, C++, HTML, CSS, Swift, Object-C, Python, Php, Node.js 2) 사용DB : MySQL, MSSQL, Maria DB, Oracle..."
https://kr.indeed.com/viewjob?jk=115c46e0d1df11d8,[개발자] 모비데이즈 프론트엔드 개발자 경력직 채용,Mobidays 서울특별시,,"험이 있으신 분 -활용 가능한 서버사이드 언어가 1개 이상 있는 분(Ruby, Java, Node.js, Python 등) -웹/모바일 광고 업계의 유사 업종 근무 경력 보유자 -플랫폼 또는 B2B 서비스 개발 프로젝트 참여..."
https://kr.indeed.com/viewjob?jk=2d3b7de44ce0cbeb,Data Scientist,Motion2AI 서울,,"thinking to define unstructured problems - Experience with Python (pandas, numpy), R, SQL... VBA to deal... large..."
https://kr.indeed.com/viewjob?jk=68b91ae2f6c66fa3,[뉴플랫폼기술] 클라우드 개발자 - Kubernetes,한국카카오은행 성남 분당구,,"운영 경험이 1년 이상인 분 · Cloud 환경에서 서비스 구축 및 운영 경험이 있는 분 · Golang, Python, NodeJS, Java 중 하나이상 프로그래밍 언어에 익숙한 분 우대사항 · 서비스 설계 단계부터 참여..."
https://kr.indeed.com/viewjob?jk=e8477fb56aa56c85,"Site Reliability Engineer, APAC",Canonical - Jobs 서울,,maintaining enterprise open-source software solutions Python software development experience... large projects Strong...
https://kr.indeed.com/viewjob?jk=4cd34228af5013fd,DGIST 2019년 제1차 계약직원 공개채용 공고,대구경북과학기술원 대구 현풍면,,"우수자(SPSS, R 등 통계패키지) 외국어(영어) 구사 능력 우수자 Programming(MATLAB, Python, C/C++ 등) 가능자 · 근무기간 : 2019.3.11.~2020.3.10. ※ 단, 재계약 평가에..."
https://kr.indeed.com/viewjob?jk=4f2835fd73c9e3c7,Application Engineer III - (E3),Applied Materials Inc. 대한민국,,"trainer. 7. Direct experience of algorithm writing (e.g., R, Python... plus. 8. Travel to international locations at ~25..."
https://kr.indeed.com/viewjob?jk=da5d4dd560fb6f85,Data Scientist,Garrett Advancing Motion 경기도,,"System/Data Integration • High level programming skills ( Python, R, Matlab, C++ or Java) • Machine Learning Algorithms..."
https://kr.indeed.com/viewjob?jk=bc7d65215c8334f7,(신입/경력) 컴퓨터 비전 & 머신 러닝 엔지니어,플레이스에이 성남 분당구,,"다룰 수 있다 - C, C++, Python 언어 중 1개 이상 능숙하게... 딥러닝 프레임워크 중 1개 이상 다룰 수 있다 - C, C++, Python 언어 중 1개 이상 능숙하게 다룰 수 있다 - 최신 Detection..."
https://kr.indeed.com/viewjob?jk=cd40cf786e32f325,사내 및 서비스 보안 담당자 (경력),네오위즈 대한민국,,"GuardDuty, WAF, VPC Flow Logs 분석 등)이 있으신 분 - 각종 스크립트 언어(Perl, Python, shell script 등)의 활용 능력을 가진 분 - 모바일 게임 앱에 대한 보안 검수 경험이..."
https://kr.indeed.com/viewjob?jk=caefdcb275a971a4,대기업 빅데이터 분석 전문가,국내 대기업 / 화물 운송업 / 조단위 이상 매출 기업 서울 중구,,"서비스 분석 경험자 우대 • 요구조건 - 대용량 DBMS 처리 - 분석 지원 언어/패키지(SQL/SAS/R/ Python/Spark) 사용가능자 또는 자격증 보유자 - 빅데이터 Tool (Hadoop, Hive, Hbase..."
https://kr.indeed.com/viewjob?jk=05aa5498d84c58e1,데이터 엔지니어(신입/경력),쏘카 대한민국,,"있는 분 • 데이터 분석팀 및 유관 부서와의 원활한 소통을 위한 기본적인 쿼리 작성 능력을 갖춘 분 • Python 또는 Java, Scala, C++, C# 등의 언어를 최소 1개 이상 능숙하게 사용할 수 있는 분 • 대용..."
https://kr.indeed.com/viewjob?jk=e7c8c2b11f24fb43,Software Engineer,Google 4.3 서울,,"languages, including... limited to: C++, Java, C and Python. Excellent written and verbal communication skills. About..."
https://kr.indeed.com/viewjob?jk=00c30d286ee5c97f,[충청권/50명]인공지능(AI) 기본과정+고급과정 훈련생 대,청주대학교산학협력단 청주 상당구,,19~22시 120시간 10주 인공지능 기본과정 (120h) 인공지능 Python을 이용한 기초 프로그래밍 교육 · 기초 프로그래밍 · 머신러닝 라이... 게임>빅데이터·AI(인공지능)> Python|인터넷·IT·통신·모바일·게임...
https://kr.indeed.com/viewjob?jk=861768bf9d9cf5e7,[2021?????] AR App Engineer,Hyperconnect 서울,,"Vulkan/Metal 1 ARcore ARKit 1 / / Java, Objective C(Swift), Python OpenCV (Image Processing ) / gt; gt; 1 gt; 2 gt; : Apply..."
https://kr.indeed.com/viewjob?jk=da5c549bf1a76ded,데이터 사이언스(데이터 모델링 및 추천 모델링),NHN 4.4 성남 판교역,,"AB테스트, 결과 해석 등) - 리눅스 환경에서 머신 러닝 및 데이터 분석 관련 언어, 라이브러리( Python, R, SQL, tensorflow 등) 능숙한 활용 - 머신러닝, 추천 , 딥러닝 관련 논문을..."
https://kr.indeed.com/viewjob?jk=3929f9c03665e38e,Credit Risk Manager,Toss 서울 강남구,,"장상황 및 변화에 대한 전략적/분석적 능력을 보유하신 분 - SAS, SQL, KnowlegeSEEKER, Python, R 등 Tool사용이 가능하신 분 - 원활한 커뮤니케이션 가능하신 분 # 우대 사항 - 신용대출/신용카..."
https://kr.indeed.com/viewjob?jk=18ed6f92a291d134,Sr. Manager for Logistics digital transf...,Thermo Fisher Scientific 3.5 서울,,"Excel (VBA, power pivots) skills - Experience in R studio, Python, data modeling, and hypothesis testing is a plus - Must..."
https://kr.indeed.com/viewjob?jk=447e5726f229a2b7,"Cloud Technical Solutions Engineer, Netw...",Google 4.3 서울,,"reading or debugging code (e.g., Java, C, C++, .NET, Python, Shell, Perl, JavaScript). Experience advocating for customer..."
https://kr.indeed.com/viewjob?jk=07375dc4e800dfa9,추천 시스템 소프트웨어 엔지니어,카카오 4.0 성남 판교역,,"관련 업무 경험자 우대사항 운영체제, 네트워크, 컴파일러, 데이터베이스에 대한 이해가 깊으신 분 Python, C++, GPU 프로그래밍 숙련자 대용량/실시간 서비스 개발/운영 경험이 많으신 분 ICPC/TopCoder..."
https://kr.indeed.com/viewjob?jk=b40a553df450c1b4,[데이타게이트 코리아] IT지원 기술자/개발자,데이타게이트코리아 서울 구로구,,Platform 사용 경험자 ㆍApache OSS(Open Source Software) 사용 경험자 ㆍJava/ Python 개발 경험자 0 명 근무조건 고용형태: 정규직(수습기간3개월) 근무부서: 솔루션사업팀 인근전철역...
https://kr.indeed.com/viewjob?jk=14076e1efa25f8da,그린뉴딜분야 연계형 교육 참여,사단법인 한국벰스협회 서울 구로구,,게임>빅데이터·AI(인공지능)> Python|인터넷·IT·통신·모바일·게임... 로그래머>증강현실(AR)|인터넷·IT·통신·모바일·게임>응용프로그래머> Python|인터넷·IT·통신·모바일·게임>응용프로그래머>머신러닝(ML)|인터넷...
https://kr.indeed.com/viewjob?jk=74d66a601cc8dde0,DBA,Toss 서울 강남구,,DBA 3년 이상) 경험 있으신 분 - SQL을 숙련되게 다루시는 분 - Shell 운영 스크립트 개발이 가능하신 분 # 우대 사항 - NoSQL (MongoDB) 운영경험이 있는 분 - Python 개발이 가능하신 분
https://kr.indeed.com/viewjob?jk=ae5283196d38f489,"영상처리, 머신비전, 장비제어 비전센터 상반기 공개",유토시스 경기도 화성,,"응용 S/W개발 -. 운영/제어 개발 [자격요건] -. 학력 : 대졸이상 -. MFC, C++, C# 또는 Python 경험자 -. Windows기반 UI 프로그램 개발 경험자 -. 영상처리 알고리즘 개발 경험자 -. 검사장..."
https://kr.indeed.com/viewjob?jk=724d638053bd85bb,"IOT인공지능 융합메이커 강사 훈련생 (코딩, 아두이노, 3D모델링 등)",동대문여성인력개발센터 서울 동대문구,,통신·모바일·게임>빅데이터·AI(인공지능)>데이터분석|인터넷·IT·통신·모바일·게임>빅데이터·AI(인공지능)> Python|인터넷·IT·통신·모바일·게임>빅데이터·AI(인공지능)>머신러닝|인터넷·IT·통신·모바일·게임>빅데이터...
https://kr.indeed.com/viewjob?jk=bd5ce1a809ec610a,Modem QA Contractor,聯發科技 경기도 성남,,4. Good verbal and written communication skills in English 5. Prefer programing experience(C/JAVA/ Python #LI-NOPOST
https://kr.indeed.com/viewjob?jk=be95b5718905880f,AI/빅데이터/클라우드 분야 (인재 Pool),LG유플러스 3.8 서울,,"Science를 위한 언어(R/ Python) 및 Tool(scikit-learn/Tensorflow 등) 능숙자 . Deep Learning Model 구현 경험자 . Java, Python등을 이용하여 분석을 위한 Data..."
https://kr.indeed.com/viewjob?jk=eaee1538d8cc832f,메시지발송 플랫폼 개발자,Nexon 성남 분당구,,"개발 가능하면서 python 개발 경험 소유자(또는 Python 개발 가능... NET 또는 python 개발 경력 5년이상 - 자동화를 위한 스크립트(powershell, bash, python 등) 경험 - Windows..."
https://kr.indeed.com/viewjob?jk=bfe0f5ac4f32ec89,추천 통계분석/데이터사이언티스트,카카오 4.0 성남 판교역,,"또는 통계, 수학 관련 분야의 석사 및 박사 학위 소지자 숙련된 데이터분석 능력 데이터 사이언스를 위한 언어( Python/R) 를 하나 이상 능숙하게 다룰 수 있으신 분 분석 결과를 설득력있게 전달할 수 있는 분 우대사항..."
https://kr.indeed.com/viewjob?jk=acf452118fce4b26,웹개발자,곳간 서울 강남구,"연봉 34,000,000원 - 36,000,000원","지원자격 ㆍ경력 : 경력 3년 이상 ㆍPHP, javascript, HTML, MySQL, TCP/IP, Python ㆍDB분석 및 기본설계 능력있으신 분 우대사항 ㆍ커머스, 플랫폼 개발실무 경험자 ㆍ자유롭게 아이디어를 내고..."
https://kr.indeed.com/viewjob?jk=f97d8d627c3d7362,Infra Software Engineer,Toss 서울 강남구,,"분 - Software-intensive system의 구조 설계 경험이 있는 분 - C, Golang, Python, Javascript 중 하나 이상의 언어에 능숙하신 분 # 우대 사항 - 다양한 기반 기술에 대한 이해도..."
https://kr.indeed.com/viewjob?jk=9819ba37f864cc20,프로그래머 (어플리케이션 개발자 또는 웹개발자),오너클랜 서울 금천구,,인터넷·IT·통신·모바일·게임>응용프로그래머>자바스크립트|인터넷·IT·통신·모바일·게임>응용프로그래머> Python|인터넷·IT·통신·모바일·게임>응용프로그래머>C#|인터넷·IT·통신·모바일·게임>웹프로그래머>웹개발|인터넷...
https://kr.indeed.com/viewjob?jk=f014d6c9744121e1,Security Engineer - Ubuntu,Canonical - Jobs 서울,,"new systems and techniques quickly You are skilled in C, Python, and other programming languages You can develop automated..."
https://kr.indeed.com/viewjob?jk=b86fa42793152db8,[Search] 클라우드 컴퓨팅 플랫폼 BE 개발 신입/경력사원,네이버 서울,,위한 기술 제안 [자격요건] · CS 관련 탄탄한 기본기를 바탕으로 습득이 빠르신 분 · Java / Python / C / C++ 중 1 개 이상의 언어로 개발 가능 · 리눅스 환경에서의 개발 경험 · 우수한 문제 분석...
https://kr.indeed.com/viewjob?jk=97b032faeb4b1bd1,연구소 개발부문 연구원 직원 (회로설계/하드웨어설계/머신비전/이미지프로세...,모든 경기도 광명,"연봉 42,000,000원 - 46,000,000원","프로그래밍 가능자 우대 S/W 설계 부문 : - OPEN CV, TENSORFLOW, YOLO, CUDA/ Python, C++, C WindowsGUL APL, MFC Lib 활용 가능자. 머신비전/ 영상처리 개발자 * 전기..."
https://kr.indeed.com/viewjob?jk=e157aa3d21a2a1be,대학경쟁력연구원 연구직계약직원(계약직),아주대학교 3.8 수원 영통구,,"원자격  필수사항 : 석사학위 또는 박사학위 소지자  우대사항 - 데이터 분석 관련 전공자 - R, Python, SQL, Excel 등을 이용한 데이터 분석 가능자 - 시각화 툴 사용능력 및 정량적/정성적 분석..."
https://kr.indeed.com/viewjob?jk=5efc4afdac9d87aa,AI/딥러닝기반 머신비전 비전센터 상반기 공개,유토시스 경기도 화성,,"상처리응용S/W -. 딥러닝 모델링 [자격요건] -. 학력 : 대졸이상 -. MFC, C++, C# 또는 Python 경험자 -. 딥러닝 알고리즘 개발 경험자 -. 국내/외 출장 가능자 [우대사항] -. 수학/물리/통계/컴퓨..."
https://kr.indeed.com/viewjob?jk=cfc6c4d6a4cd83bd,Senior Analyst - Data Analytics,McKinsey & Company 4.3 서울,,"skills with python, R Knowledge... suited... business problem (using Python, SAS, SQL, R and other relevant tools..."
https://kr.indeed.com/viewjob?jk=05a8e481d9859e2c,"고등광기술연구소 레이저응용시스템연구실 박사후연구원, 위촉연구원",광주과학기술원 광주 북구,,"공지능 융합연구 (Matlab/ python, Labview/ FPGA... 연구/개발 2. 레이저/포토닉스-인공지능 융합연구 (Matlab/ python, Labview/ FPGA/ Raspberry Pi 등 경험자..."
https://kr.indeed.com/viewjob?jk=2238a8f7a38080f3,리서치분야 경력직,케이지제로인 대한민국,,"모델링 자격 요건 - 금융공학, 경영학(재무학), 경제학, 수학 등 관련 분야 전공자 - SQL, R, Python 등 Tool 숙련자 우대사항 - 금융관련 자격증 소지자 / 재무 및 통계 관련 석박사 / 펀드 관련..."
https://kr.indeed.com/viewjob?jk=092d062a6faa7139,데이터 분석가 모집,카카오 4.0 성남 판교역,,"이터 분석 지원자격 데이터 분석 업무를 수행할 수 있는 하나 이상의 언어 스킬 필수 (예. SQL, Python, R 등) 데이터 기반 프로젝트 경험이 있으신 분 (예: 통계 분석 프로젝트) 어떤 일이라도 중요하게 여기..."
https://kr.indeed.com/viewjob?jk=b03599413eff0e3d,웹 개발 및 서버 인프라 담당자,이든 서울 송파구,"연봉 28,000,000원 - 30,000,000원","ㆍ클라우드 인프라 관리 및 서비스 아키텍처 설계 운영 ㆍ네트워크 및 시스템 모니터링 자격요건 ㆍJava, Python, GoLang, PHP 중 하나이상의 언어 경험자 ㆍ서버 네트워크에 대한 이해 ㆍ학력 : 학력무관 ㆍ경력..."
https://kr.indeed.com/viewjob?jk=90e77f4d6043c724,데이터 분석가,스포카 부산 해운대구 +1 지역,,"성을 주도적으로 제시할 수 있는 분을 찾습니다. 우대 사항 1가지 이상의 프로그래밍 언어를 구사하시는 분: Python, R 등의 프로그래밍 언어를 1개 이상 능숙하게 사용 가능하신 분이면 좋습니다. 데이터 웨어하우징 인프라..."
https://kr.indeed.com/viewjob?jk=f611a72cc9b1761e,CTO 혁신추진실 AID팀 Machine Learning&AI 정규직,이투스교육 서울 강남구,,"구축 지원자격 ﻿일반적인 Back-end 시스템 설계 및 개발 ML/AI 시스템 아키텍쳐 설계 경험 Python, scala, R 등 ML 및 통계 관련 언어 사용 경험 머신러닝 프레임워크 경험자 (TensorFlow..."
https://kr.indeed.com/viewjob?jk=9e8bab2ecbb48d29,"웹개발, 백엔드 외 신입/경력 계약직",뚜껑 서귀포 서귀포시,,통신·모바일·게임>웹프로그래머>백엔드|인터넷·IT·통신·모바일·게임>웹프로그래머>프론트엔드|인터넷·IT·통신·모바일·게임>웹프로그래머> Python|인터넷·IT·통신·모바일·게임>웹프로그래머>HTML·DHTML·mHTML
https://kr.indeed.com/viewjob?jk=9e1861e691426a98,Field AI Engineer,Graphcore 서울,,"hardware acceleration technologies Experience with Python and C++... depth knowledge of computer architectures, high..."
https://kr.indeed.com/viewjob?jk=80dea8b8353c3ee0,System Engineer,Toss 서울 강남구,,"# 자격 요건 - Linux 환경에서 대용량 TPS 운영 경험이 있으신 분 - 스크립트 언어(shell, python, Perl, Ruby 등)를 사용하여 인프라 운영이 가능하신 분 - HTTP, TCP/IP 프로토콜에 대한..."
https://kr.indeed.com/viewjob?jk=7c19ff88836f8869,고등광기술연구소 전문연구요원,광주과학기술원 광주 북구,,"고출력 펄스형/극초단 광섬유 레이저, 레이저/고암섬유 레이저, 레이저 인공지능 융합연구, matlab/ python/ FPGA / Raspberry Pi 등 (경험자 우대) 우대사항 ① 국가보훈대상자(취업보호대상자) 및..."
https://kr.indeed.com/viewjob?jk=094f2d843194ea1f,AppArmor Security Engineer,Canonical - Jobs 서울,,"grasp of Linux security technologies You are skilled in C, Python, and other programming languages You have experience..."
https://kr.indeed.com/viewjob?jk=46975ee759c13b8a,데이터 분석/처리 플랫폼 개발,NHN 4.4 성남 판교역,,"데이터 수집, 처리 및 지표 분석 경험 - 데이터 기반의 문제해결 역량 및 논리적 사고 - Java, Python, Scala 중 최소 1가지 언어를 이용한 데이터 분석 및 소프트웨어 개발 역량 - 통계분석..."
https://kr.indeed.com/viewjob?jk=a22173d071050949,NLP Engineer for AI Startup (remote),MIND AI 서울 • 원격 근무,"연봉 40,000,000원 - 60,000,000원","field. * 3+ years programming experience, 2+ years in Python especially in teams. * Thorough understanding of programming..."
https://kr.indeed.com/viewjob?jk=da280e20451ce755,Integration Engineer,스트라드비젼 서울 강남구,"연봉 40,000,000원 - 50,000,000원","algorithm • (Preferred) Experience of variant script language ( Python, Shell) • (Preferred) Experience of Linux build system..."
https://kr.indeed.com/viewjob?jk=cbec3e35c0a250c5,[경력] 웹 프로그램 개발자 - ITS,삼정 KPMG 3.3 서울 강남구,,"MS-SQL을 활용한 개발 경험 - Power BI, SQL Server Reporting Services, python 등 다양한 개발환경에 관심이 많은 자 4. 우대사항 - Classic ASP를 활용한 개발 경험..."
https://kr.indeed.com/viewjob?jk=13ead4619b06cd88,[한화테크윈]SW 개발 경력 채용,한화그룹 4.2 서울,,"Machine Learning/Deep Learning(Caffe, TensorFlow, Pytorch, Python, C/C++, Docker) - Feature extraction, low-level Image..."
https://kr.indeed.com/viewjob?jk=941687b6bbb14d81,웹 개발자 경력 Java/Php/Javascript/Python/Html...,바이오브레인 대전 서구,"연봉 30,000,000원 - 35,000,000원","(주)바이오브레인 웹 개발자 경력 채용 모집부문 및 자격요건 담당업무 자격요건 인원 [담당업무] ㆍ웹 기반 프로젝트 개발 및 운영 [근무부서 및 직급/직책] 직급/직책: 대리 [자격요건] ㆍJava, Php..."
https://kr.indeed.com/viewjob?jk=beaf31828719882c,[공통기술부문] AI / ML 엔지니어 (3년 이상),우아한 형제들 서울 송파구,,"수정할 수 있는 분 - 3년 이상의 실무 경험, 1개 이상의 ""숙련된"" 프로그래밍 언어 활용 능력(ex. Python, C++ 등)을 가진 분 - 원천 데이터를 탐색, 검증, 취합하는 단계부터 모델의 구현, 학습, 배포까지..."
https://kr.indeed.com/viewjob?jk=a24eee6864638bc4,Data Engineer,IBM 3.9 서울,,"Competitive products Deep skills on Data Warehouse, ETL, Python, Java and related algorithms. Expert Level – SQL, NoSQL..."
https://kr.indeed.com/viewjob?jk=e8477fb56aa56c85,"Site Reliability Engineer, APAC",Canonical - Jobs 서울,,maintaining enterprise open-source software solutions Python software development experience... large projects Strong...
https://kr.indeed.com/viewjob?jk=b574f1454ae36aab,Cross Border Ecommerce - Business Intell...,Shopee 서울,,business analyst related roles Proficient in SQL and Python Strong analytical skill and sensitivity to data Strong oral...
https://kr.indeed.com/viewjob?jk=dbe3257e487e5814,[AI/Lab] AI 백엔드 엔지니어 (전문연구요원 가능),버즈니 서울,,"플랫폼 및 시스템 구축 이런 분을 찾습니다 주도적으로 문제를 찾고, 해결할 수 있는 능력을 보유하신 분 Python 사용 경험이 있으신 분 다음 항목 중 두 가지 이상에 해당되는 분 AWS 혹은 GCP와 같은 클라우드 플랫폼..."
https://kr.indeed.com/viewjob?jk=661a80939b1acd30,Solutions Engineer,f5 서울,,"Kubernetes) • Proficient in one or more programming languages ( Python, JavaScript, Golang, etc.) What you’ll bring: • 5 +..."
https://kr.indeed.com/viewjob?jk=c39d18040425ef53,PostgreSQL 운영 및 데이터베이스 관리자 모집,카카오 4.0 성남 판교역,,"청하고 잘 이해하는 분 Database 운영 유경험자 ( PostgreSQL 운영 경험이 있으신 분 우대) python, go, bash 등 개발 경험이 있는 분 우대 클라우드 환경의 DB시스템 구축 및 운영 경험이 있는 분..."
https://kr.indeed.com/viewjob?jk=4910d33b5b470a5f,[Clova CIC] AI/ML 개발 인턴사원,네이버 서울,,"대한 기본 지식 - PyTorch나 Tensorflow와 같은 딥러닝 프레임워크에 대한 지식 및 개발 경험 - Python을 사용한 소프트웨어 개발 경험 우대사항 - 컴퓨터과학, 컴퓨터 엔지니어링, 수학 및 관련 분야 전공..."
https://kr.indeed.com/viewjob?jk=5d4ef5faadd96b30,"[대성] 개발자 채용 | 앱개발,Java,Python,objective",대성 관심기업 전주 팔복동,,"근무조건 정규직 급여 면접후 결정 주 5일 | 오전 9시~오후 6시 undefined 전북전체, 전북 전주시 지원자격 신입, 경력 무관, 경력무관 학력무관 우대조건 해당업무 인턴경험, 해당업무 근무경험, 컴퓨터활용 우수..."
https://kr.indeed.com/viewjob?jk=166aa0c72e94a266,Business Data Analyst,Soomgo 서울 강남구,,"즈니스에 적용하고 개선한 경험 (Google Optimize, Optimizely, 등) 우대사항 • Python 또는 R 을 사용하여 데이터 분석에 활용 가능 • 경영학, 통계학, 경제학, data analysis 등..."
https://kr.indeed.com/viewjob?jk=9819ba37f864cc20,프로그래머 (어플리케이션 개발자 또는 웹개발자),오너클랜 서울 금천구,,인터넷·IT·통신·모바일·게임>응용프로그래머>자바스크립트|인터넷·IT·통신·모바일·게임>응용프로그래머> Python|인터넷·IT·통신·모바일·게임>응용프로그래머>C#|인터넷·IT·통신·모바일·게임>웹프로그래머>웹개발|인터넷...
https://kr.indeed.com/viewjob?jk=5427e21e463b7e42,[TmaxTibero/기술] DBMS 제품 QA 신입 및 경력,티맥스소프트 성남 분당구,,"스트 시나리오 기획/작성, 테스트 및 관리 - 품질관리 시스템 개발 및 유지보수 자격요건 - Java/C/ Python 초급 개발자/경험자 - Unix/Linux 엔지니어 경험자 - IT 관련 학과 4년 대졸자 또는 졸업 예정..."
https://kr.indeed.com/viewjob?jk=3d5f8e364a71247e,Software Engineer (Back-end),Streami 서울,"연봉 35,000,000원 - 80,000,000원","Experience in JavaScript, Python or Java... one of: Modern Javascript, Java, Python * Experience building and maintaining..."
https://kr.indeed.com/viewjob?jk=3933762f9f06df56,Data Scientist(CSS 모델링),Toss 서울 강남구,,"3년 이상) - 머신러닝 등 최신 알고리즘을 활용하여 실제 비즈니스 문제 해결 경험이 있으신 분 - SQL, Python, R 등 통계/분석 프로그램을 다룰 수 있으신 분 # 우대 사항 - 금융권 데이터 분석 및 모델링 업무..."
https://kr.indeed.com/viewjob?jk=8b950c3f1114b37b,[Clova CIC] AI/ML 개발자 (경력),네이버 서울,,"대한 기본 지식 - PyTorch나 Tensorflow와 같은 딥러닝 프레임워크에 대한 지식 및 개발 경험 - Python을 사용한 소프트웨어 개발 경험 우대사항 - 컴퓨터과학, 컴퓨터 엔지니어링, 수학 및 관련 분야 전공..."
https://kr.indeed.com/viewjob?jk=86940003c157ab95,[정보보안] 보안기반 분석 개발 담당자 모집,엔씨소프트 2.7 성남 판교역,,"이기종 보안시스템의 운영업무 자동화 개발 지원자격 학력 : 무관 경력기간 : 2년 ~ 10년 필수조건 - Python 프로그래밍 언어로 개발이 가능하며, 오픈소스를 활용한 개발이 가능한 분 - 보안솔루션의 동작 원리와 연동..."
https://kr.indeed.com/viewjob?jk=3e80435be74cd28f,블록체인인터넷경제연구센터 위촉연구원,광주과학기술원 광주 북구,,업무) 지원자격 연구직 O명 블록체인 연구 및 프로그래밍 제작 1) SW프로그래밍 제작 경험자 2) Python/C/Java/Go 프로그래밍 가능자 3) 블록체인 개발 경험자 우대 4) 컴퓨터공학 및 컴퓨터사이...
https://kr.indeed.com/viewjob?jk=74cf47be676133ff,DGIST 미래자동차융합연구센터 계약직 연구원 및 연수연구원 공개 초빙...,대구경북과학기술원 대구 현풍면,,"기술개발 우대 사항 우대사항 - S/W개발능력, C,C++, Python,Matlab 등 능숙자 - 자율주행 및 ADAS관련 프로젝트 참여경... W개발능력, C,C++, Python,Matlab 등 능숙자 - 자율주행..."
https://kr.indeed.com/viewjob?jk=e8316d85fa013062,[TGD] 플랫폼 서비스 Back-End 프로그래머 모집,엔씨소프트 2.7 성남 판교역,,"Spring Framework(Spring Boot)을 이용한 Application 개발 경험자 2. Python, Javascript 등의 스크립트 활용 능력 3. DB설계 및 SQL 지식 4. 최신 기술 동향에 능동적인..."
https://kr.indeed.com/viewjob?jk=05a8e481d9859e2c,"고등광기술연구소 레이저응용시스템연구실 박사후연구원, 위촉연구원",광주과학기술원 광주 북구,,"공지능 융합연구 (Matlab/ python, Labview/ FPGA... 연구/개발 2. 레이저/포토닉스-인공지능 융합연구 (Matlab/ python, Labview/ FPGA/ Raspberry Pi 등 경험자..."
https://kr.indeed.com/viewjob?jk=9a818d9d91db847d,Data Analytics SA,Amazon Web Services Korea LLC 서울,,"some relevant languages, tools and frameworks (e.g python, Java, R, scala, spark, Kafka, Hadoop ecosystem, presto, Hive..."
https://kr.indeed.com/viewjob?jk=09dc6e4abecbd481,인공지능 교육 컨텐츠 제작자,에이쳐 용인 처인구,,교육컨텐츠 제작 [필요사항] - 학사 이상 - 인공지능 관련 기술에 대한 관심 또는 경험 [우대사항] - Python / Tensorflow / C / C++ / HTML5 / CSS / Java / Javascript 등...
https://kr.indeed.com/viewjob?jk=a1db36bb69f67c6f,[카카오 클라우드] 대용량 분산 스토리지 개발자 모집,카카오 4.0 성남 판교역,,쓰레드 기반 네트워크 프로그래밍 경험이 있으신 분 Go 언어로 프로덕션 레벨의 문제 해결 경험이 있으신 분 Python 등의 스크립트 언어를 하나 이상 다룰 수 있으신 분 HBase 등의 NoSQL 시스템 운영이나 사용 경험...
https://kr.indeed.com/viewjob?jk=2892c67308e87f01,Field Data Scientist,Success Korea 경기도,,"Scripting experience required (e.g. Matlab, R, Python). Familiarity with analytics... e.g. Matlab, R, Python). Familiarity..."
https://kr.indeed.com/viewjob?jk=724d638053bd85bb,"IOT인공지능 융합메이커 강사 훈련생 (코딩, 아두이노, 3D모델링 등)",동대문여성인력개발센터 서울 동대문구,,통신·모바일·게임>빅데이터·AI(인공지능)>데이터분석|인터넷·IT·통신·모바일·게임>빅데이터·AI(인공지능)> Python|인터넷·IT·통신·모바일·게임>빅데이터·AI(인공지능)>머신러닝|인터넷·IT·통신·모바일·게임>빅데이터...
https://kr.indeed.com/viewjob?jk=df21e3bb5d773616,Python Programmer,Mofac 서울 서초구,,개발 – JAVA 프로그래밍(라이브러리 활용) – Spring 프레임 워크 개발 – Python API 프로그래밍 우대사항 – Python 개발 경험 – Open Source 라이브러리 개발경험 – Web 표준에 대한 경험...
https://kr.indeed.com/viewjob?jk=27ea6faf6a8516fd,퀀트 개발자 (Quant Developer),ATZ Inc. 서울,"연봉 30,000,000원 - 40,000,000원",any... following languages. (C/C++/C#/ Python/Java/Node.js)* Experience with R... languages) C/C++/C#/ Python/Java R/Excel...
https://kr.indeed.com/viewjob?jk=b8c6ad4bd3f32e3d,AI 개발자,넷아이디 서울 강남구,"연봉 35,000,000원 - 40,000,000원",인터넷·IT·통신·모바일·게임>응용프로그래머>머신러닝(ML)|인터넷·IT·통신·모바일·게임>응용프로그래머> Python|인터넷·IT·통신·모바일·게임>ERP·시스템분석·설계>인공지능(AI)서비스기획|인터넷·IT·통신·모바일...
https://kr.indeed.com/viewjob?jk=fb3395b4ba6b4f61,SW Engineer for R&D Extension Korea,Applied Materials Inc. 경기도 화성,,"engineer with C, C++, C#, Java, MATLAB, SQL data base, Python, Excel Macro, etc. c. Experience in multidisciplinary..."
https://kr.indeed.com/viewjob?jk=7af6301dc691d3ab,Data Scientist,Toss 서울 강남구,,"실무 경험 5년 이상 갖추신 분 - 실제 서비스 데이터를 이용한 분석모델 개발 경험이 있으신 분 - R, Python, Scala, SQL 등 데이터 분석의 업무를 수행할 수 있는 하나 이상의 개발 언어에 능숙하신 분 #..."
https://kr.indeed.com/viewjob?jk=377b958b50cd3c98,"[신입,경력] Application 개발자",유즈브레인넷 서울 구로구,,"담당업무 자격요건 인원 MFC/Visual C++ [담당업무] - application - C, C++ - Python - 헬스케어 제품 어플 개발 - APP(iOS/Android) - 응용프로그래머 [근무부서 및 직급/직책..."
https://kr.indeed.com/viewjob?jk=98c2229e57d4ee1f,전기전자컴퓨터공학부(바이오컴퓨팅연구실) 위촉연구원,광주과학기술원 광주 북구,,"국가보훈대상자(취업보호대상자) 및 장애인은 관련 법령에 의거하여 우대 ② 컴퓨터 프로그램밍 (Matlab, Python, C++등) 가능자 ③ 뇌파 측정 및 분석 2년 이상 경력 ➃ 딥러닝 기술 개발 경험 결격사유..."
https://kr.indeed.com/viewjob?jk=4910d33b5b470a5f,[Clova CIC] AI/ML 개발 인턴사원,네이버 서울,,"대한 기본 지식 - PyTorch나 Tensorflow와 같은 딥러닝 프레임워크에 대한 지식 및 개발 경험 - Python을 사용한 소프트웨어 개발 경험 우대사항 - 컴퓨터과학, 컴퓨터 엔지니어링, 수학 및 관련 분야 전공..."
https://kr.indeed.com/viewjob?jk=e1c3d69e4d47c07b,[진행중]우리은행 마이데이터ACT 전문직 (데이터 사이언티스트(데이터 기...,우리은행 4.5 서울 회현동,,"3년 이상 경험 보유자 - 전산/수학/통계 또는 관련 분야 석사 이상 학위 소지자 - 데이터 분석 언어( Python, R 등) 사용 업무 경험 보유자 급여수준 및 채용조건 급여수준 : 면접 후 협의 계약형태..."
https://kr.indeed.com/viewjob?jk=c58d20943e9dce58,테크니컬 오디오 디자이너(Technical Audio Designer)...,엔씨소프트 2.7 성남 판교역,,"4 활용 능력 - Protools, Reaper 등의 DAW 활용 능력 - 스크립팅 언어 활용 능력 ( Python, Lua, R 등) - 커뮤니케이션 능력 우대사항 - Wwise 자격증 보유 (101, 201, 251..."
https://kr.indeed.com/viewjob?jk=1748baa27965fdbf,"MVP 개발 엔지니어(서버, 웹프론트) (정규직, 계약직, 프리랜서)",더테스터 대전 중구,,1년 이상의 서버 개발 경험 · 아래 옵션 중 하나의 기술 스택 사용 - JAVA기반의 Spring - Python 기반의 Django - Ruby 기반의 Rails 우대사항 · 팀단위로 프로젝트를 수주해본 적 있는...
https://kr.indeed.com/viewjob?jk=f4190a8dbb8c05b1,[AI R&D] Language AI(NLP) Research 분야 수시...,엔씨소프트 2.7 성남 판교역,,"분 - 통계/Machine Learning에 대한 이해와 활용 능력 및 text 처리 기술에 대한 경험 - Python, Java 등을 이용하여 NLP 기술을 구현 가능한 분 - 최신 기술(논문, 기술문서 등)을 습득하는..."
https://kr.indeed.com/viewjob?jk=57ad151ff89a3275,Engineering Manager - EdgeX - IoT,Canonical - Jobs 서울,,"engineer Significant programming experience in C, Golang, Python, or like languages A solid understanding... makeup..."
https://kr.indeed.com/viewjob?jk=cac18e6bcbee5a21,Front end 개발자,브릭 성남 분당구,"연봉 28,000,000원","ElasticSearch 사용 언어 (빈도수 순) : Java, C#, Javascript, Scala, Python, R, C++ 7. 근무 조건 근무장소 : 경기도 성남시 분당구 판교역로 230, 309호(삼환하이펙스..."
https://kr.indeed.com/viewjob?jk=7c19ff88836f8869,고등광기술연구소 전문연구요원,광주과학기술원 광주 북구,,"고출력 펄스형/극초단 광섬유 레이저, 레이저/고암섬유 레이저, 레이저 인공지능 융합연구, matlab/ python/ FPGA / Raspberry Pi 등 (경험자 우대) 우대사항 ① 국가보훈대상자(취업보호대상자) 및..."
https://kr.indeed.com/viewjob?jk=d56db98820a1324c,스크립트 개발 프로그래머,Nexon 성남 분당구,,"류하여 함께 도전해나갈 분들을 기다리고 있습니다. [주요업무] - JavaScript 및 기타(Lua, Python) 스크립트 엔진 연동, 프로젝트에 맞게 수정 및 최적화 - MOD-CORE 개발시 필요한 스크립팅 개발..."
https://kr.indeed.com/viewjob?jk=e5621bcf506c9148,협동로봇 실습장비 개발 및 교육 인력 /로봇공학 기술자 및 연구원,씨엔로봇 대전 중구,"연봉 28,000,000원 - 30,000,000원","활용 교직원 연수 - 실습장비 활용 학생 연수 - 실습장비 납품 후 활용 교육 ㅇ 협동로봇 티칭 및 교육 - Python, ROS, C# 등 프로그래밍 및 교육 - PLC, HMI 프로그래밍 및 교육 상세모집요강 접수기간..."
https://kr.indeed.com/viewjob?jk=02f450f1246c5489,[서울지사][던파모바일2D] 서버 빌드 담당자,네오플 서울 강남구,,"C/C++ 사용이 능숙하신 분 우대사항 - DevOps 관련 경험 - 하나 이상의 스크립트 언어 ( Python, PowerShell, Bash, Groovy… )에 능숙하신 분 - Windows/Linux 서버 운영체제에..."
https://kr.indeed.com/viewjob?jk=96688eea9c1a9e28,Security Engineer (취약점 분석),Toss 서울 강남구,,"# 자격 요건 - 모의해킹 및 취약점 점검 경력이 있는 분 - 소스 코드 정적 취약점 점검에 능숙한 분 - Python, C, C++, JAVA 중 프로그래밍 언어에 능숙한 분 # 우대 사항 - 국내 또는 국외 버그 바운티..."
https://kr.indeed.com/viewjob?jk=b4c6146c52b4dc2b,(주)테라젠바이오 데이터과제팀 계약직,테라젠바이오 수원 영통구,,"등 한 가지 이상의 Back-end Framework 경험 - Git 등의 협업 툴 사용 우대사항: - Python 사용 경험 - Linux 숙련자 - 컨테이너(Docker, k8s), 클라우드 경험 0 명 근무조건 고용형태..."
https://kr.indeed.com/viewjob?jk=85e44b7572a7c332,[카카오 클라우드] 카카오 분산 기술 플랫폼 개발자 모집,카카오 4.0 성남 판교역,,"및 운영 신규 플랫폼 발굴 및 개발 지원자격 개발 경력 2년 이상 Linux환경에서 C/C++, Go, Python 등 언어 중 하나 이상 가능하신 분 협업 및 커뮤니케이션이 원활한 분 시스템 운영에 책임감이 있으신 분..."
https://kr.indeed.com/viewjob?jk=20d40ee61adffeca,챗봇 플랫폼 개발자 모집,카카오 4.0 성남 판교역,,"서비스에 대한 두려움이 없으신 분 서버 개발 Java, Scala, Kotlin 등의 JVM 기반 언어 및 Python을 이용해서 실서비스 개발 및 운영해보신 분 데이터 엔지니어 Kafka, Elasticsearch..."
https://kr.indeed.com/viewjob?jk=18ed6f92a291d134,Sr. Manager for Logistics digital transf...,Thermo Fisher Scientific 3.5 서울,,"Excel (VBA, power pivots) skills - Experience in R studio, Python, data modeling, and hypothesis testing is a plus - Must..."
https://kr.indeed.com/viewjob?jk=1b62babbbf2d717a,경험최적화 - 데이터 사이언티스트/분석가,Nexon 성남 분당구,,피처 탐색 등) - 게임 내 행동 패턴 로그 분석과 패턴 식별 및 이를 통한 서비스 개선 지원자격 - Python을 사용한 데이터 분석 및 모델 개발 경험 - 머신러닝 라이브러리 활용 경험 - 셀프 모티베이션과 원활한...
https://kr.indeed.com/viewjob?jk=481f953ccaa4bc96,머신러닝 개발자 모집,넷마블 서울 구로구,,"시스템 운영 효율화 및 고도화 자격요건 - ML 관련 분야 경력 6년 이상 - Cloud 서비스 활용 경험 - Python, C/C++, SQL 사용 가능 - Tensorflow 또는 상응하는 라이브러리 활용 경험 우대사항..."
https://kr.indeed.com/viewjob?jk=7d4bc2a107c6669b,Customer Engineer,Microsoft 4.2 서울,,least 5 years welcome experience in model development using python or R. Experience in migrating from one database to another...
https://kr.indeed.com/viewjob?jk=36c48cb9bc2758cb,매칭 기획,Nexon 성남 분당구,,"경험이 있다면 더 좋습니다. - 확률 및 통계에 대한 기본적인 지식이 있다면 더 좋습니다. - SQL, Python 등을 사용해 기초적인 데이터 분석, 머신러닝 등을 다루는 데에 관심이 있으면 더 좋습니다. - FIFA..."
https://kr.indeed.com/viewjob?jk=0b05f7fff851371a,게임 런처 개발,Nexon 성남 분당구,,르고 안정적으로 게임을 실행할 수 있도록 함께 고민하고 개발하실 분을 찾습니다. 지원자격 - C++ 혹은 Python 프로그래밍 언어 능숙자 - 비동기 및 병렬처리 프로그래밍 경험 우대사항 - Modern C++ (11...
https://kr.indeed.com/viewjob?jk=489f19028e8a723b,통합인터페이스 백엔드 서버 개발,Nexon 성남 분당구,,"게임 빅데이터 실시간 처리 시스템 개발 지원자격 - 백엔드 서버 개발 경력 3년 이상 - Java, Python, Javascript 중 1개 이상의 프로그래밍 경험 - HTTP API 설계 및 개발 경험 - MSA..."
https://kr.indeed.com/viewjob?jk=6fe5311eacbea17a,데이터 인프라 담당자 모집,카카오 4.0 성남 판교역,,"어링 5년 이상 업무 경험 보유자 하둡 에코시스템 기반 대용량 데이터의 수집, 가공이 가능한 분 Java, python, go, bash 등 언어 중 하나 이상 활용 가능하신 분 #우대사항 데이터 분석가, 머신러닝 전문가..."
https://kr.indeed.com/viewjob?jk=54e0d08c99dcf507,MI(Market Intelligence)담당 마케팅 전략 경력사원,LG전자 3.8 서울 영등포구,,"마케팅 전략/방향성 도출 경험 보유 4) 우대 사항 - 통계 분석 및 프로그래밍 언어 역량 보유: R, python, Java, SPSS, Tableau, etc. - 영어 능통 역량: 해외법인과 영어 화상 회의 및 현지..."
https://kr.indeed.com/viewjob?jk=2238a8f7a38080f3,리서치분야 경력직,케이지제로인 대한민국,,"모델링 자격 요건 - 금융공학, 경영학(재무학), 경제학, 수학 등 관련 분야 전공자 - SQL, R, Python 등 Tool 숙련자 우대사항 - 금융관련 자격증 소지자 / 재무 및 통계 관련 석박사 / 펀드 관련..."
https://kr.indeed.com/viewjob?jk=6b86ea39985912b6,NHN Cloud 사업기획/영업,NHN 4.4 성남 판교역,,"Linux, Microsoft Solutions 등) - 2년 이상의 개발 경험 (Java, Python 등) - 기술 문서 작성 및 가이드 경험이 풍부한 자 - 대외 고객 기술 지원 경험 공통지원자격..."
https://kr.indeed.com/viewjob?jk=a22173d071050949,NLP Engineer for AI Startup (remote),MIND AI 서울 • 원격 근무,"연봉 40,000,000원 - 60,000,000원","field. * 3+ years programming experience, 2+ years in Python especially in teams. * Thorough understanding of programming..."
https://kr.indeed.com/viewjob?jk=a6d9692dec21424c,[아이콘트롤스] 2020년 경력 직원 (기술연구소) 연구개발부문,현대산업개발 3.0 성남 분당구,,"3년 이상 - 프로그램 개발( Python, Java) 능력 보유 - 대용량... 이상 -오픈소스 기반 백엔드 개발자 -Spring, node.js, python 프레임워크를 활용한 서버 개발 역량 -AWS를 활용한 개발 유경험자..."
